-4.409129619598388672e-01,-2.607926428318023682e-01,-1.325921058654785156e+00
1.047240868210792542e-01,-3.123483955860137939e-01,-3.510817289352416992e-01
-1.446222811937332153e-01,6.263573169708251953e-01,-7.314314246177673340e-01
-8.133298158645629883e-01,1.016497611999511719e+00,-1.836947500705718994e-01
5.984953790903091431e-02,5.804591998457908630e-02,1.578271687030792236e-01
1.986282348632812500e+00,-7.722455263137817383e-01,-8.599016070365905762e-01
-7.616934776306152344e-01,-1.460365056991577148e+00,-5.887539684772491455e-02
6.885022521018981934e-01,-3.455375134944915771e-02,3.720170259475708008e-01
2.333733081817626953e+00,-6.703776717185974121e-01,1.315180182456970215e+00
9.651988744735717773e-01,3.825192749500274658e-01,3.681139051914215088e-01
3.218412995338439941e-01,1.331666588783264160e+00,7.039769887924194336e-01
1.630875281989574432e-02,-3.723689913749694824e-01,-9.332792162895202637e-01
4.460067674517631531e-02,-1.479900032281875610e-01,4.552966058254241943e-01
1.856051683425903320e+00,-1.131322383880615234e+00,9.644381403923034668e-01
-7.383474707603454590e-01,-6.709346175193786621e-01,-1.671662330627441406e+00
9.556741118431091309e-01,-1.815775334835052490e-01,1.043867588043212891e+00
-1.228285953402519226e-01,-2.079633474349975586e-01,-7.557764649391174316e-01
5.576490238308906555e-02,-5.859159827232360840e-01,1.004587769508361816e+00
1.363970398902893066e+00,-1.080114603042602539e+00,9.377835392951965332e-01
-8.215077519416809082e-01,-3.908030688762664795e-01,-4.743103086948394775e-01
-9.570260047912597656e-01,-1.312331080436706543e+00,-1.607601642608642578e+00
1.401682347059249878e-01,3.483993709087371826e-01,-1.661233067512512207e+00
4.600728303194046021e-02,4.659669697284698486e-01,-3.258630335330963135e-01
-2.168223410844802856e-01,-7.248580455780029297e-02,4.195478558540344238e-01
-5.201974511146545410e-01,5.819131135940551758e-01,-8.551784157752990723e-01
-2.147413969039916992e+00,9.690160751342773438e-01,8.881974816322326660e-01
-1.592321097850799561e-01,1.799513816833496094e+00,-2.312888860702514648e+00
1.008012533187866211e+00,-1.429085373878479004e+00,8.420178294181823730e-01
-7.415037751197814941e-01,-7.309844493865966797e-01,7.721149325370788574e-01
8.590558171272277832e-02,1.391242295503616333e-01,-8.734439611434936523e-01
-1.937394261360168457e+00,3.637894392013549805e-01,1.616046726703643799e-01
-9.396983385086059570e-01,1.921554446220397949e+00,1.167690038681030273e+00
-5.988883376121520996e-01,-2.138596057891845703e+00,2.080360412597656250e+00
-8.768051862716674805e-01,1.553703188896179199e+00,-1.257374763488769531e+00
-1.037476658821105957e+00,-6.144374608993530273e-01,2.583549499511718750e+00
-3.460007309913635254e-01,-7.127499580383300781e-01,-5.559886097908020020e-01
-1.160943269729614258e+00,2.514717578887939453e-01,1.559514522552490234e+00
-4.308451712131500244e-01,-1.190415397286415100e-01,-3.584875762462615967e-01
-4.547126889228820801e-01,4.508812725543975830e-01,2.775616884231567383e+00
-8.044562935829162598e-01,9.647486805915832520e-01,-4.866931438446044922e-01
2.704398930072784424e-01,2.551173046231269836e-02,-9.172050952911376953e-01
1.756395578384399414e+00,-5.720651149749755859e-02,-7.597653269767761230e-01
-1.885158300399780273e+00,-1.419543385505676270e+00,1.772296547889709473e+00
9.959166646003723145e-01,5.666494965553283691e-01,6.711117029190063477e-01
2.133735865354537964e-01,4.824485480785369873e-01,-3.531327843666076660e-01
4.042469337582588196e-02,-1.691899597644805908e-01,7.687405943870544434e-01
-2.724665105342864990e-01,6.202048659324645996e-01,-3.563436269760131836e-01
-9.274378418922424316e-01,-8.342516422271728516e-02,1.741805791854858398e+00
1.514024585485458374e-01,-7.137963175773620605e-01,6.425865292549133301e-01
1.021947503089904785e+00,-6.072249412536621094e-01,9.501335024833679199e-01
3.035686016082763672e-01,1.191509366035461426e+00,-5.581349730491638184e-01
-1.242696121335029602e-01,-3.822124898433685303e-01,-3.926420509815216064e-01
-1.095951437950134277e+00,-2.567053437232971191e-01,6.695856899023056030e-02
-3.788765370845794678e-01,-1.236457705497741699e+00,7.549303174018859863e-01
1.076580286026000977e+00,2.505167014896869659e-02,-3.531322181224822998e-01
4.840518236160278320e-01,1.237845063209533691e+00,-1.219109535217285156e+00
-3.280672729015350342e-01,1.700132846832275391e+00,-6.587886810302734375e-01
-6.977852582931518555e-01,-2.477767705917358398e+00,-3.461993634700775146e-01
-7.642953097820281982e-02,1.146218061447143555e+00,1.590158462524414062e+00
-1.383061885833740234e+00,2.301193028688430786e-01,-9.481832385063171387e-01
-9.842532873153686523e-01,-1.804440766572952271e-01,-2.070437371730804443e-01
1.397329211235046387e+00,-2.679654359817504883e+00,-3.715694546699523926e-01
5.120528340339660645e-01,1.217666268348693848e+00,-8.492837548255920410e-01
2.532921433448791504e-01,-1.169804096221923828e+00,2.726706266403198242e+00
-6.063153147697448730e-01,3.041124641895294189e-01,1.349452495574951172e+00
-1.575143933296203613e-01,-1.001712799072265625e+00,-1.351792961359024048e-01
1.074632763862609863e+00,1.096455097198486328e+00,-3.370755016803741455e-01
1.538244724273681641e+00,3.932766914367675781e-01,-8.284147977828979492e-01
1.207232713699340820e+00,5.185282826423645020e-01,3.272385299205780029e-01
2.191219568252563477e+00,-1.175768017768859863e+00,9.777792692184448242e-01
1.301682829856872559e+00,-4.168212711811065674e-01,2.485712766647338867e-01
-9.472365379333496094e-01,-6.749832034111022949e-01,-2.535158395767211914e-01
4.284670650959014893e-01,-7.526173591613769531e-01,6.895718574523925781e-01
1.917950630187988281e+00,-3.092518448829650879e-01,-5.419666171073913574e-01
-6.836209893226623535e-01,6.139140129089355469e-01,6.511448621749877930e-01
3.620567619800567627e-01,1.623642206192016602e+00,-4.220598042011260986e-01
9.963902831077575684e-01,-4.407876729965209961e-01,-7.725756764411926270e-01
-1.908011883497238159e-01,-7.728133201599121094e-01,-2.039228677749633789e+00
9.553289413452148438e-01,-4.266781806945800781e-01,1.851543307304382324e+00
-4.267171919345855713e-01,1.047617793083190918e+00,-2.345793962478637695e+00
-7.107568383216857910e-01,3.176657855510711670e-01,-2.143303304910659790e-02
7.288227677345275879e-01,-7.811893522739410400e-02,1.443005084991455078e+00
1.581058204174041748e-01,-2.895083129405975342e-01,1.187685132026672363e+00
-2.176593244075775146e-01,1.274475574493408203e+00,-6.397445201873779297e-01
1.203387975692749023e+00,1.056984663009643555e+00,-1.137686848640441895e+00
-1.344146579504013062e-01,-4.252073764801025391e-01,1.191840767860412598e+00
-3.294515609741210938e-01,-1.168237566947937012e+00,-3.397534489631652832e-01
-7.776476740837097168e-01,2.189309358596801758e+00,8.373222500085830688e-02
1.493707746267318726e-01,-7.738800048828125000e-01,7.432407736778259277e-01
-1.709602355957031250e+00,4.720587730407714844e-01,-7.842400670051574707e-01
-1.411051601171493530e-01,1.910086721181869507e-02,-3.106210529804229736e-01
1.087879776954650879e+00,3.165930509567260742e-03,1.948207914829254150e-01
1.692762017250061035e+00,7.890305519104003906e-01,-4.135181605815887451e-01
1.274078726768493652e+00,-7.787933945655822754e-01,-7.734386920928955078e-01
3.492925763130187988e-01,4.639238468371331692e-04,1.019597202539443970e-01
-2.945587635040283203e-01,1.054937958717346191e+00,1.250890083611011505e-02
-1.003839820623397827e-01,8.122149109840393066e-01,1.125198960304260254e+00
-1.595706105232238770e+00,1.826165467500686646e-01,1.833967924118041992e+00
-2.921368777751922607e-01,1.077574729919433594e+00,2.131674066185951233e-02
-3.161193728446960449e-01,-3.195242583751678467e-01,2.978648841381072998e-01
-1.705158948898315430e-01,-2.329029589891433716e-01,-2.618011236190795898e-01
-1.018557429313659668e+00,1.538325905799865723e+00,3.289689421653747559e-01
-1.483377695083618164e+00,-5.142818689346313477e-01,6.831629276275634766e-01
-1.133943796157836914e+00,4.650116264820098877e-01,-3.156825900077819824e-01
-2.538807630538940430e+00,-7.821435928344726562e-01,2.772512435913085938e-01
-7.061871886253356934e-01,-1.270127147436141968e-01,-1.697622060775756836e+00
-8.011779785156250000e-01,-7.885752916336059570e-01,-1.146161079406738281e+00
-4.609571993350982666e-01,-9.444293379783630371e-01,-4.543276429176330566e-01
-6.960343122482299805e-01,-4.871534705162048340e-01,4.787898063659667969e-02
-2.251960337162017822e-01,-1.955184638500213623e-01,-1.530597060918807983e-01
5.060532093048095703e-01,4.538527429103851318e-01,7.074195146560668945e-01
3.414579629898071289e-01,1.469623565673828125e+00,-4.329509139060974121e-01
-1.334439873695373535e+00,1.352295279502868652e+00,-9.354445934295654297e-01
6.711527705192565918e-01,1.256878852844238281e+00,5.681306123733520508e-01
4.073368310928344727e-01,-4.852583706378936768e-01,-1.476925015449523926e-01
3.685938417911529541e-01,-3.452341258525848389e-01,1.048444136977195740e-01
1.326794385910034180e+00,-9.577901661396026611e-02,1.081886291503906250e-01
1.022069334983825684e+00,7.093991637229919434e-01,6.378394365310668945e-02
-2.691245675086975098e-01,-4.739459156990051270e-01,-4.113687574863433838e-01
5.448546260595321655e-02,-7.439993023872375488e-01,-1.049608469009399414e+00
7.448872327804565430e-01,-4.085176885128021240e-01,-1.060672283172607422e+00
5.619585514068603516e-01,3.934034109115600586e-01,-7.596752047538757324e-02
1.336494684219360352e+00,-1.803471207618713379e+00,2.699180543422698975e-01
4.722428917884826660e-01,2.290538698434829712e-01,-3.994873762130737305e-01
-5.101693272590637207e-01,-7.098016142845153809e-01,1.056771874427795410e+00
-1.872553378343582153e-01,-9.620351791381835938e-01,7.916160225868225098e-01
1.656128764152526855e+00,5.802173018455505371e-01,2.023681879043579102e+00
-1.109743595123291016e+00,-1.396433949470520020e+00,4.367664456367492676e-01
2.176077127456665039e+00,3.041968643665313721e-01,9.404757618904113770e-01
2.618527039885520935e-03,-1.426206380128860474e-01,-8.261707425117492676e-01
1.046119570732116699e+00,-3.340497016906738281e-01,-1.136121749877929688e+00
-4.781829118728637695e-01,-1.378772128373384476e-02,-6.081858873367309570e-01
6.512567996978759766e-01,-6.933299452066421509e-02,7.058705687522888184e-01
5.887151360511779785e-01,9.645630717277526855e-01,-2.331231594085693359e+00
7.338824272155761719e-01,-4.530870914459228516e-01,1.572002768516540527e+00
-1.324679493904113770e+00,1.968487054109573364e-01,-1.180306196212768555e+00
1.817708373069763184e+00,2.966168522834777832e-01,1.382023930549621582e+00
1.590488791465759277e+00,1.028294637799263000e-01,1.788261175155639648e+00
-1.130253821611404419e-01,4.547177255153656006e-01,1.191359877586364746e+00
-3.573500216007232666e-01,2.669188566505908966e-02,1.399158239364624023e+00
-5.010396838188171387e-01,7.463397979736328125e-01,7.242846488952636719e-01
1.892153024673461914e+00,-9.524847567081451416e-02,-1.347555518150329590e+00
7.474402785301208496e-01,1.752292960882186890e-01,-1.360889554023742676e+00
-1.741192579269409180e+00,-1.560232400894165039e+00,-5.239059925079345703e-01
1.149027824401855469e+00,-2.901003658771514893e-01,1.163876652717590332e+00
3.522479236125946045e-01,-8.233988285064697266e-01,1.112674236297607422e+00
8.129568696022033691e-01,-1.224226713180541992e+00,1.160455703735351562e+00
1.385312199592590332e+00,-8.079036474227905273e-01,2.321071326732635498e-01
-3.422242999076843262e-01,-7.602902650833129883e-01,1.226417541503906250e+00
9.888378977775573730e-01,-1.364581346511840820e+00,-1.034879684448242188e+00
1.540570616722106934e+00,4.307474493980407715e-01,-5.308473110198974609e-01
1.157993197441101074e+00,2.272894620895385742e+00,7.685238718986511230e-01
4.782187342643737793e-01,-2.110334157943725586e+00,-2.738317251205444336e-01
-1.013395711779594421e-01,1.158425092697143555e+00,-1.488347351551055908e-01
4.050264358520507812e-01,1.885116100311279297e+00,-2.239601463079452515e-01
-4.482947587966918945e-01,2.922947108745574951e-01,-1.725049495697021484e+00
7.346794605255126953e-01,-2.108081579208374023e+00,-1.033851742744445801e+00
1.407209038734436035e+00,-6.547879576683044434e-01,7.862272262573242188e-01
6.740774214267730713e-02,1.331453472375869751e-01,-4.942901134490966797e-01
-9.684008359909057617e-01,-4.071402251720428467e-01,-7.421969771385192871e-01
-1.502322196960449219e+00,-6.745485663414001465e-01,2.871649563312530518e-01
-1.327855825424194336e+00,-9.503110647201538086e-01,7.181162834167480469e-01
2.477250099182128906e+00,-3.018576502799987793e-01,1.166832685470581055e+00
1.579385548830032349e-01,-1.786048412322998047e+00,-1.645018160343170166e-02
1.993007361888885498e-01,6.297548860311508179e-02,-1.207659859210252762e-02
2.852160334587097168e-01,-1.340956211090087891e+00,-6.077218651771545410e-01
1.192002296447753906e+00,-9.646713137626647949e-01,7.250844687223434448e-02
-1.633428096771240234e+00,-3.149595260620117188e+00,2.202806949615478516e+00
-2.620524764060974121e-01,7.639135718345642090e-01,-4.574376046657562256e-01
-4.883691370487213135e-01,-1.271543025970458984e+00,1.323335647583007812e+00
-2.173588983714580536e-02,5.518673658370971680e-01,-5.434423312544822693e-02
-5.003851056098937988e-01,1.083930969238281250e+00,3.291388452053070068e-01
-1.347893327474594116e-01,-4.984908699989318848e-01,1.676998853683471680e+00
1.508827209472656250e+00,2.957239151000976562e-01,2.988563179969787598e-01
-3.445624411106109619e-01,8.897626399993896484e-01,1.143150806427001953e+00
2.457842975854873657e-01,-4.398646354675292969e-01,-1.642836570739746094e+00
-1.317983031272888184e+00,1.149186968803405762e+00,5.018688365817070007e-02
7.916436195373535156e-01,5.310035347938537598e-01,-5.276631116867065430e-01
2.658267617225646973e-01,-8.808154463768005371e-01,1.687130518257617950e-02
-3.354943275451660156e+00,-2.258415460586547852e+00,1.638291478157043457e-01
-1.811755150556564331e-01,1.638614684343338013e-01,-9.613094329833984375e-01
6.067631840705871582e-01,-1.322007477283477783e-01,-2.129714727401733398e+00
-2.507097125053405762e-01,-5.964322686195373535e-01,-6.564465165138244629e-01
2.962032318115234375e+00,7.935505509376525879e-01,1.000324845314025879e+00
5.397675037384033203e-01,-1.146774291992187500e+00,6.316812634468078613e-01
-3.610045611858367920e-01,8.834144473075866699e-01,-4.487620294094085693e-02
-9.510814547538757324e-01,-3.111441731452941895e-01,3.734717667102813721e-01
-9.141077399253845215e-01,-3.354381620883941650e-01,3.206240236759185791e-01
9.732562303543090820e-01,-8.369950652122497559e-01,1.027878642082214355e+00
6.499472856521606445e-01,-6.113864779472351074e-01,-1.276800036430358887e+00
2.429701089859008789e-01,1.710413694381713867e+00,-3.044591248035430908e-01
-4.838456213474273682e-02,-1.086113452911376953e+00,3.166112005710601807e-01
-8.866508007049560547e-01,6.681179404258728027e-01,-3.861366212368011475e-01
7.920422554016113281e-01,-7.325838208198547363e-01,2.684667408466339111e-01
-4.302491247653961182e-01,6.231677532196044922e-01,2.822002887725830078e+00
-1.779869318008422852e+00,-7.101067900657653809e-01,-4.607329070568084717e-01
1.901727616786956787e-01,2.476593554019927979e-01,5.847009420394897461e-01
1.149909496307373047e+00,-7.368092536926269531e-01,2.072613090276718140e-01
-1.684293150901794434e-01,-6.317213773727416992e-01,6.351516246795654297e-01
1.386969923973083496e+00,1.086159110069274902e+00,1.301509737968444824e+00
-2.927961647510528564e-01,-1.008464574813842773e+00,-7.909510731697082520e-01
4.433808922767639160e-01,5.750566720962524414e-01,-4.578486382961273193e-01
-8.691592216491699219e-01,1.866362452507019043e+00,3.372990131378173828e+00
5.517123937606811523e-01,-1.078025341033935547e+00,3.308032751083374023e-01
8.107642531394958496e-01,2.210175991058349609e+00,-9.964233636856079102e-01
1.506817102432250977e+00,1.042464494705200195e+00,4.489998891949653625e-02
1.012520790100097656e+00,-3.330390453338623047e-01,1.757944226264953613e-01
-8.174664974212646484e-01,6.121218800544738770e-01,4.716122746467590332e-01
1.763166546821594238e+00,-2.830559313297271729e-01,-1.939680576324462891e+00
9.519539773464202881e-03,-1.579259991645812988e+00,-4.327592849731445312e-01
-2.000307440757751465e-01,2.679789364337921143e-01,9.422044157981872559e-01
2.085211038589477539e+00,1.419104188680648804e-01,-7.324799895286560059e-02
5.192290544509887695e-01,-1.593336939811706543e+00,1.188052296638488770e+00
-6.654658317565917969e-01,-1.251278996467590332e+00,-6.902167797088623047e-01
-3.224042952060699463e-01,-2.716904878616333008e-01,1.266098380088806152e+00
-7.639876753091812134e-02,-1.388100028038024902e+00,-4.577628970146179199e-01
9.587213397026062012e-01,6.414034366607666016e-01,-1.083211183547973633e+00
-7.229238152503967285e-01,1.239301800727844238e+00,-5.769180506467819214e-02
-1.038709044456481934e+00,-9.492507576942443848e-02,-1.690226912498474121e+00
5.380111336708068848e-01,4.838768839836120605e-01,1.445869952440261841e-01
1.922256708145141602e+00,7.908940315246582031e-02,2.094047516584396362e-02
-1.916868448257446289e+00,-1.743777692317962646e-01,1.346506357192993164e+00
-1.569121360778808594e+00,-3.705135285854339600e-01,-9.882617592811584473e-01
1.064727157354354858e-01,-9.156078696250915527e-01,-1.728837251663208008e+00
-4.231854081153869629e-01,-9.253664612770080566e-01,3.151454031467437744e-01
1.875621229410171509e-01,-7.406907081604003906e-01,-8.775237202644348145e-02
-1.572010040283203125e+00,1.554198265075683594e+00,5.287870168685913086e-01
-4.180356860160827637e-01,7.100720405578613281e-01,-5.128583908081054688e-01
3.397677838802337646e-01,9.209045171737670898e-01,6.547322273254394531e-01
-1.020736917853355408e-01,1.199865221977233887e+00,-1.710922598838806152e+00
-1.251783818006515503e-01,-2.156011581420898438e+00,2.392513602972030640e-01
-9.218055605888366699e-01,-1.257901310920715332e+00,-3.830656781792640686e-02
3.909993171691894531e-01,9.827111363410949707e-01,-4.500424861907958984e-01
-1.473924398422241211e+00,7.065575718879699707e-01,-1.228476643562316895e+00
4.920865595340728760e-01,3.186169564723968506e-01,-4.646747112274169922e-01
-4.509596228599548340e-01,2.282352894544601440e-01,-5.970662236213684082e-01
9.412348866462707520e-01,-1.230711221694946289e+00,-1.095583677291870117e+00
2.316273689270019531e+00,1.049818634986877441e+00,1.409028768539428711e+00
8.350849747657775879e-01,1.425993084907531738e+00,8.038586974143981934e-01
-6.742216944694519043e-01,-5.064799785614013672e-01,2.208308458328247070e+00
-7.289653420448303223e-01,-3.030354976654052734e-01,6.767222285270690918e-01
-9.495202302932739258e-01,1.082744240760803223e+00,-1.569201231002807617e+00
-1.019334077835083008e+00,-6.549944281578063965e-01,1.091862082481384277e+00
7.323843240737915039e-01,1.877509236335754395e+00,-6.285390257835388184e-02
-6.132356524467468262e-01,2.479866504669189453e+00,1.655119061470031738e-01
1.440309733152389526e-01,3.686610460281372070e-01,1.126024127006530762e+00
1.134051680564880371e-01,1.109502196311950684e+00,2.496592253446578979e-01
-2.080339193344116211e+00,4.336860775947570801e-01,2.422538995742797852e-01
-7.829262316226959229e-02,4.890459179878234863e-01,8.799130320549011230e-01
-1.123075366020202637e+00,-3.378289639949798584e-01,1.153207898139953613e+00
1.288218945264816284e-01,-1.017966866493225098e+00,-7.374848723411560059e-01
2.457924038171768188e-01,-2.923341393470764160e-01,8.855301737785339355e-01
1.628220438957214355e+00,-6.979546546936035156e-01,1.013698339462280273e+00
-1.194619774818420410e+00,-1.058424949645996094e+00,3.659731745719909668e-01
3.713614046573638916e-01,-1.979355216026306152e-01,-7.294496893882751465e-01
-2.189853429794311523e+00,4.363323450088500977e-01,-6.298187375068664551e-01
-1.456360578536987305e+00,-6.739394068717956543e-01,2.063041448593139648e+00
8.758476376533508301e-01,-1.516078472137451172e+00,-1.447110295295715332e+00
-7.182008028030395508e-01,-9.989780783653259277e-01,1.061349630355834961e+00
7.486672401428222656e-01,9.740902781486511230e-01,7.753558754920959473e-01
1.643212676048278809e+00,-3.077510297298431396e-01,-4.582084715366363525e-01
8.303510546684265137e-01,-1.855475783348083496e+00,1.452814817428588867e+00
-8.113175630569458008e-01,3.447645157575607300e-02,7.440456748008728027e-01
-2.777000069618225098e-01,-2.449732273817062378e-01,-6.592325568199157715e-01
-2.729047536849975586e+00,2.269290387630462646e-01,1.449368476867675781e+00
-5.561183691024780273e-01,4.236394166946411133e-01,-3.567178547382354736e-01
-1.521560549736022949e-01,1.939081549644470215e-01,5.689587593078613281e-01
4.301646649837493896e-01,6.911550164222717285e-01,5.467215180397033691e-01
1.237208008766174316e+00,-3.410740792751312256e-01,3.204857185482978821e-02
-4.936827719211578369e-02,1.917165219783782959e-01,-3.104424178600311279e-01
-1.865608245134353638e-01,-9.752861261367797852e-01,-1.015299916267395020e+00
8.525121808052062988e-01,1.763308286666870117e+00,1.533908396959304810e-01
6.417774558067321777e-01,-2.313478142023086548e-01,1.057314038276672363e+00
-1.372112393379211426e+00,6.518795490264892578e-01,2.599003016948699951e-01
1.815583705902099609e-01,-6.775565743446350098e-01,-7.030938863754272461e-01
4.362813234329223633e-01,-2.553156375885009766e+00,-8.284078240394592285e-01
-5.547442436218261719e-01,1.999288238584995270e-02,1.195767521858215332e+00
-1.555678963661193848e+00,-8.967898488044738770e-01,5.376585721969604492e-01
-1.162936612963676453e-01,-1.247282981872558594e+00,-1.466131687164306641e+00
-2.246132850646972656e+00,1.252051144838333130e-01,1.151605844497680664e+00
-4.045151546597480774e-02,4.995501935482025146e-01,-1.068508505821228027e+00
4.414393603801727295e-01,1.347689181566238403e-01,-1.547998666763305664e+00
-1.865695863962173462e-01,-1.087392210960388184e+00,2.062461376190185547e+00
-3.377752006053924561e-01,-1.839351177215576172e+00,-5.109859108924865723e-01
-3.203405141830444336e-01,-3.100960254669189453e-01,1.522511720657348633e+00
3.226667642593383789e-01,-8.171556890010833740e-02,-1.447550296783447266e+00
-3.457302749156951904e-01,8.580179214477539062e-01,-7.980384230613708496e-01
-1.272022962570190430e+00,3.261841535568237305e-01,3.060900568962097168e-01
-7.004176974296569824e-01,-7.077859640121459961e-01,-4.301662445068359375e-01
1.043885350227355957e+00,-2.357232011854648590e-02,-1.014161109924316406e+00
9.315452575683593750e-01,1.586018800735473633e+00,5.729076862335205078e-01
2.069066762924194336e+00,-1.519692778587341309e+00,4.554224610328674316e-01
2.981692552566528320e-01,3.093572616577148438e+00,-4.240537583827972412e-01
-1.948297917842864990e-01,2.581624686717987061e-01,-6.684554740786552429e-03
-1.711786389350891113e-01,-9.504909515380859375e-01,-9.540461301803588867e-01
-1.285135000944137573e-01,-1.774518489837646484e-01,1.115834593772888184e+00
3.180009424686431885e-01,-4.775620102882385254e-01,-1.784022927284240723e+00
-1.789435148239135742e+00,-6.658896803855895996e-02,5.242116451263427734e-01
-1.335595726966857910e+00,-8.069589734077453613e-01,1.156421750783920288e-01
1.855808019638061523e+00,7.581467032432556152e-01,-4.501517713069915771e-01
5.780987739562988281e-01,-2.174574285745620728e-01,-1.864147901535034180e+00
1.962302327156066895e+00,-9.545543193817138672e-01,1.906247735023498535e-01
-8.397379890084266663e-03,-1.851169347763061523e+00,-2.253425359725952148e+00
7.343786954879760742e-02,7.647172361612319946e-02,-5.858052372932434082e-01
8.171118795871734619e-02,4.696834683418273926e-01,1.974809318780899048e-01
9.105730056762695312e-01,3.330358564853668213e-01,1.584346532821655273e+00
-1.566458821296691895e+00,1.535624623298645020e+00,1.327526807785034180e+00
-2.045796632766723633e+00,-2.221728563308715820e+00,2.354264259338378906e+00
-3.110074698925018311e-01,-2.832004427909851074e-01,4.091965556144714355e-01
-1.271682500839233398e+00,-1.468511462211608887e+00,1.501926183700561523e-01
8.697341084480285645e-01,6.112332344055175781e-01,-4.939592480659484863e-01
-2.940050065517425537e-01,-3.465370237827301025e-01,1.317312240600585938e+00
8.074930906295776367e-01,1.937326639890670776e-01,-3.713684082031250000e-01
7.864761352539062500e-01,-5.173489451408386230e-01,3.000688552856445312e-01
1.223493888974189758e-01,3.801549077033996582e-01,-1.082621887326240540e-02
2.350357919931411743e-02,-7.773310542106628418e-01,8.776761889457702637e-01
-3.716928064823150635e-01,5.693852305412292480e-01,-9.893189072608947754e-01
-4.174735546112060547e-01,-2.265709161758422852e+00,-4.678245633840560913e-02
-1.675671637058258057e-01,1.060938715934753418e+00,-3.726127743721008301e-01
2.758791446685791016e-01,-8.796133995056152344e-01,-1.036341488361358643e-01
9.794179201126098633e-01,1.792002767324447632e-01,1.112670898437500000e+00
-7.872777581214904785e-01,-1.584273815155029297e+00,1.700838923454284668e+00
2.457088381052017212e-01,-7.219144105911254883e-01,-5.593646168708801270e-01
4.722831845283508301e-01,9.697794318199157715e-01,2.211606025695800781e+00
4.368943274021148682e-01,-7.428362965583801270e-02,-4.089999198913574219e-01
9.602038264274597168e-01,-9.291349053382873535e-01,-3.917642831802368164e-01
1.484770476818084717e-01,-1.671802282333374023e+00,-3.541565537452697754e-01
5.612957477569580078e-01,6.500879526138305664e-01,-2.662588059902191162e-01
-7.581135034561157227e-01,-1.268539667129516602e+00,6.602429151535034180e-01
-1.756657361984252930e+00,-2.360314279794692993e-01,-1.401670873165130615e-01
2.849807739257812500e-01,-4.702978730201721191e-01,1.202689766883850098e+00
-1.506589889526367188e+00,3.350515961647033691e-01,-7.026135325431823730e-01
-4.189449846744537354e-01,5.270389840006828308e-02,1.862903714179992676e+00
2.185436487197875977e+00,-6.349164247512817383e-01,1.332087516784667969e-01
-4.886434376239776611e-01,-8.480032086372375488e-01,-1.058441400527954102e+00
1.133199572563171387e+00,5.859456211328506470e-02,9.417030215263366699e-01
-1.514172315597534180e+00,-3.162078186869621277e-02,-8.816552162170410156e-02
-1.627916455268859863e+00,-3.828430771827697754e-01,-1.133226752281188965e+00
-1.968080252408981323e-01,-4.232155159115791321e-02,1.270230531692504883e+00
1.104183588176965714e-02,3.094982206821441650e-01,-3.011582791805267334e-01
8.334743380546569824e-01,-8.706194758415222168e-01,-3.742821812629699707e-01
-4.633324444293975830e-01,-6.503765583038330078e-01,-1.549951672554016113e+00
8.210412263870239258e-01,-9.004557132720947266e-01,-1.326344490051269531e+00
-2.653192877769470215e-01,3.572666645050048828e-01,1.437265276908874512e-01
7.216004729270935059e-01,-1.152810528874397278e-01,1.230362296104431152e+00
8.540696501731872559e-01,4.178634285926818848e-01,-1.638520836830139160e+00
1.534904390573501587e-01,3.102434575557708740e-01,-7.724006772041320801e-01
-1.179534196853637695e+00,-1.099452897906303406e-01,-1.030494123697280884e-01
-1.419752478599548340e+00,5.105404928326606750e-02,-8.389241695404052734e-01
-6.152223348617553711e-01,-5.200570821762084961e-01,-4.843420088291168213e-01
-4.087695777416229248e-01,1.534102678298950195e+00,6.624235510826110840e-01
-1.181861877441406250e+00,-1.977410912513732910e+00,2.329693317413330078e+00
1.304815173149108887e+00,2.436056584119796753e-01,-8.785175681114196777e-01
1.081979513168334961e+00,-3.636742532253265381e-01,3.619236052036285400e-01
-9.178459644317626953e-03,-1.287015080451965332e-01,2.981620073318481445e+00
4.733508825302124023e-01,-1.040077924728393555e+00,8.653050065040588379e-01
1.867141723632812500e-01,-2.206839323043823242e+00,-2.338792085647583008e+00
5.905498862266540527e-01,1.125205755233764648e+00,-4.726006686687469482e-01
3.523086607456207275e-01,8.124284148216247559e-01,1.374183297157287598e+00
5.830322504043579102e-01,-1.120383858680725098e+00,-1.467977762222290039e-01
-4.286790788173675537e-01,1.194824576377868652e+00,-1.388419151306152344e+00
-3.793863356113433838e-01,3.698036819696426392e-02,5.005441308021545410e-01
-3.393710255622863770e-01,6.953715085983276367e-01,-1.258346140384674072e-01
2.956191599369049072e-01,-2.644395530223846436e-01,-2.711791098117828369e-01
-3.711640238761901855e-01,1.016849160194396973e+00,-9.740175008773803711e-01
4.968063235282897949e-01,1.118110179901123047e+00,1.834207773208618164e+00
1.274346947669982910e+00,-2.686405420303344727e+00,7.191861420869827271e-02
-1.831641197204589844e-01,5.457544922828674316e-01,-3.622407466173171997e-02
3.162810802459716797e-01,1.675222635269165039e+00,-1.096723914146423340e+00
7.015237212181091309e-01,-7.595532536506652832e-01,1.097159013152122498e-01
-2.003872692584991455e-01,1.502701401710510254e+00,-2.349040508270263672e+00
-1.844939291477203369e-01,1.746768057346343994e-01,-5.766943693161010742e-01
-1.357005000114440918e+00,-8.515248894691467285e-01,-8.752601742744445801e-01
5.471267104148864746e-01,1.640437841415405273e-01,7.381896972656250000e-01
-1.313178837299346924e-01,1.411155581474304199e+00,1.299484014511108398e+00
1.798112511634826660e+00,7.565219402313232422e-01,-6.804701685905456543e-01
1.755037009716033936e-01,9.438123106956481934e-01,1.398708939552307129e+00
8.957982659339904785e-01,6.515585780143737793e-01,6.600932478904724121e-01
2.289129734039306641e+00,9.991794824600219727e-01,-9.889686107635498047e-01
1.466218471527099609e+00,-9.531662464141845703e-01,-1.793984174728393555e+00
1.930325388908386230e+00,-2.739844024181365967e-01,-2.723780870437622070e+00
9.710267782211303711e-01,-2.592739105224609375e+00,-4.840909540653228760e-01
-1.224162697792053223e+00,-4.565488398075103760e-01,-3.883950114250183105e-01
-1.026005074381828308e-01,4.082627892494201660e-01,-7.068394422531127930e-01
2.250267982482910156e+00,4.577678740024566650e-01,-1.010988354682922363e+00
-2.710494518280029297e+00,9.597979784011840820e-01,-9.921787977218627930e-01
-3.387302756309509277e-01,-3.322898745536804199e-01,-6.125697121024131775e-02
-1.185677945613861084e-01,1.953436136245727539e+00,8.341387510299682617e-01
-1.480774641036987305e+00,1.188050508499145508e+00,-7.444481253623962402e-01
5.689220428466796875e-01,1.065370798110961914e+00,1.508817195892333984e+00
5.567246079444885254e-01,-2.069427013397216797e+00,-1.337006330490112305e+00
-4.346594214439392090e-01,-3.920093178749084473e-01,-1.834764599800109863e+00
-6.667367219924926758e-01,-5.185266733169555664e-01,-2.969590425491333008e-01
-1.351375222206115723e+00,5.643942356109619141e-01,-3.983620405197143555e-01
-3.126215934753417969e-01,1.945864558219909668e-01,-1.317787051200866699e+00
-3.374385833740234375e-01,-2.223732948303222656e+00,-3.323132693767547607e-01
-4.347183108329772949e-01,-1.512043476104736328e+00,2.919247388839721680e+00
1.516557782888412476e-01,1.454373896121978760e-01,-1.440617740154266357e-01
1.900085657835006714e-01,1.257307052612304688e+00,-4.308214187622070312e+00
7.948843240737915039e-01,8.830880522727966309e-01,-1.649903357028961182e-01
3.838509693741798401e-02,1.706842780113220215e+00,-1.379484176635742188e+00
1.963358670473098755e-01,-1.555459022521972656e+00,-6.373472809791564941e-01
6.525250077247619629e-01,1.271971583366394043e+00,8.111733794212341309e-01
-7.813373208045959473e-01,1.050114989280700684e+00,-1.743995904922485352e+00
-5.665541887283325195e-01,6.788487434387207031e-01,-3.394782245159149170e-01
-1.621656179428100586e+00,-7.365178465843200684e-01,1.017115116119384766e+00
7.945471405982971191e-01,4.063286185264587402e-01,-8.074741363525390625e-01
-1.032212257385253906e+00,1.759952068328857422e+00,2.039389610290527344e+00
2.038825273513793945e+00,-9.555759429931640625e-01,-1.996110200881958008e+00
-1.981988787651062012e+00,-2.657850384712219238e-01,2.027537673711776733e-01
-2.887907251715660095e-02,-1.210653066635131836e+00,-3.990577757358551025e-01
3.161552920937538147e-02,1.471209287643432617e+00,-9.203343838453292847e-02
-6.511918306350708008e-01,6.488907337188720703e-01,3.799187541007995605e-01
7.515321373939514160e-01,2.449944257736206055e+00,-9.283040165901184082e-01
-1.143055200576782227e+00,-1.200399518013000488e+00,-1.213447213172912598e+00
5.437315106391906738e-01,2.171115875244140625e+00,2.188062965869903564e-01
2.845943272113800049e-01,-1.431061744689941406e+00,-5.962221026420593262e-01
-5.265656113624572754e-01,-9.201342463493347168e-01,6.888129562139511108e-02
4.342831671237945557e-01,7.195833325386047363e-01,1.647995829582214355e+00
1.719759106636047363e+00,2.800506651401519775e-01,1.618961572647094727e+00
-7.170794159173965454e-02,1.333855390548706055e+00,-2.969957590103149414e-01
-6.873787641525268555e-01,1.118644356727600098e+00,-3.422417938709259033e-01
-1.531215906143188477e+00,-6.515688300132751465e-01,2.417414665222167969e+00
7.156422138214111328e-01,-9.295901060104370117e-01,-1.118098735809326172e+00
1.608472615480422974e-01,-1.266412138938903809e+00,-1.555450797080993652e+00
8.312912583351135254e-01,-4.386638700962066650e-01,2.515007555484771729e-01
-4.296164214611053467e-01,-9.570768475532531738e-01,1.784401416778564453e+00
-1.382046461105346680e+00,-1.535357713699340820e+00,-2.130600214004516602e-01
-4.436545670032501221e-01,-3.745751380920410156e-01,-1.277472734451293945e+00
-9.391566514968872070e-01,1.517184257507324219e+00,-2.425432682037353516e+00
5.445398688316345215e-01,5.868281722068786621e-01,-1.305513620376586914e+00
-7.791463732719421387e-01,2.123237609863281250e+00,6.941423416137695312e-01
-4.124493598937988281e-01,-1.835316538810729980e+00,-7.805794477462768555e-02
-6.837747693061828613e-01,1.305631250143051147e-01,-5.211903452873229980e-01
-1.255085468292236328e+00,2.018891423940658569e-01,-1.989111542701721191e+00
-4.822152107954025269e-02,6.906115263700485229e-02,1.012144923210144043e+00
6.405677795410156250e-01,9.934350848197937012e-01,-1.750878244638442993e-01
2.472286224365234375e+00,-2.119829952716827393e-01,-1.102821454405784607e-01
3.214548826217651367e-01,6.633094549179077148e-01,-1.776572823524475098e+00
2.636611700057983398e+00,-3.044917285442352295e-01,-8.796212673187255859e-01
5.465756654739379883e-01,8.763251900672912598e-01,-2.696543037891387939e-01
7.980956435203552246e-01,-3.912064433097839355e-01,-1.736031532287597656e+00
-1.240476489067077637e+00,-1.811984777450561523e+00,5.816768854856491089e-02
4.410594105720520020e-01,-3.433965742588043213e-01,7.608765959739685059e-01
2.572838068008422852e-01,-2.402569800615310669e-01,3.730426430702209473e-01
-5.404870510101318359e-01,1.422481298446655273e+00,1.062271833419799805e+00
-3.391169071197509766e+00,9.034322500228881836e-01,2.508123219013214111e-01
-8.157573342323303223e-01,5.136888623237609863e-01,-1.156828701496124268e-01
-2.085323810577392578e+00,-1.164978504180908203e+00,2.347030401229858398e+00
2.289804697036743164e+00,-5.549705028533935547e-01,9.964871406555175781e-01
-5.009364709258079529e-02,-5.384825468063354492e-01,1.609242200851440430e+00
-2.691949605941772461e-01,-1.053933575749397278e-01,9.049260020256042480e-01
-4.108673632144927979e-01,1.181356888264417648e-02,2.908394932746887207e-01
-5.232377052307128906e-01,-1.942468643188476562e+00,8.237290382385253906e-01
-6.245422363281250000e-01,-1.700194001197814941e+00,-6.686578392982482910e-01
-5.974776148796081543e-01,1.114291906356811523e+00,1.190537095069885254e+00
1.748005002737045288e-01,-5.188747048377990723e-01,-1.242598772048950195e+00
1.210472345352172852e+00,6.947404742240905762e-01,-9.424698948860168457e-01
-3.876778185367584229e-01,2.826991558074951172e+00,5.369499325752258301e-01
-8.512119203805923462e-02,-1.280772328376770020e+00,-3.817768394947052002e-02
-5.775890350341796875e-01,1.183167338371276855e+00,-1.290548682212829590e+00
1.215407252311706543e+00,1.667299032211303711e+00,-1.165511488914489746e+00
3.663184344768524170e-01,2.712608780711889267e-03,9.074631929397583008e-01
8.888294100761413574e-01,-3.644493520259857178e-01,1.035865664482116699e+00
1.855748891830444336e+00,-1.283600211143493652e+00,5.548577308654785156e-01
9.944429993629455566e-01,-3.543901443481445312e-01,1.894765853881835938e+00
-6.481485366821289062e-01,1.239473342895507812e+00,-3.261227011680603027e-01
-5.296688675880432129e-01,1.821781843900680542e-01,5.508445203304290771e-02
-4.226014018058776855e-01,-9.990501403808593750e-02,4.057390689849853516e-01
9.197270274162292480e-01,-1.155479311943054199e+00,-5.334720611572265625e-01
3.293184638023376465e-01,6.542889475822448730e-01,-1.735654324293136597e-01
-6.782751679420471191e-01,-1.854546219110488892e-01,-1.906982302665710449e+00
1.186156511306762695e+00,-4.434221088886260986e-01,6.221275329589843750e-01
1.364221692085266113e+00,-6.197290420532226562e-01,6.553901433944702148e-01
-1.677548766136169434e+00,3.348794281482696533e-01,3.123544901609420776e-02
1.061174154281616211e+00,1.054852366447448730e+00,2.924259901046752930e-01
4.916661083698272705e-01,-4.306148588657379150e-01,6.121164560317993164e-01
-1.727004766464233398e+00,-1.219261527061462402e+00,2.340342551469802856e-01
6.188147664070129395e-01,2.096026204526424408e-02,-1.195024326443672180e-02
-9.308254718780517578e-01,4.883534833788871765e-02,7.689334750175476074e-01
1.099111437797546387e+00,-1.649590730667114258e+00,8.755827546119689941e-01
6.282889246940612793e-01,-1.725790798664093018e-01,2.080326318740844727e+00
5.080813169479370117e-01,1.594155430793762207e+00,1.456036567687988281e+00
6.009798645973205566e-01,9.421246647834777832e-01,6.371406912803649902e-01
7.419118881225585938e-01,1.803147554397583008e+00,1.386155366897583008e+00
-5.312579274177551270e-01,-1.514654904603958130e-01,4.496852159500122070e-01
-6.703501939773559570e-02,2.541954219341278076e-01,7.707098722457885742e-01
-4.626030325889587402e-01,-1.436698794364929199e+00,8.423073291778564453e-01
-1.200810313224792480e+00,-1.206474304199218750e+00,1.000471949577331543e+00
-3.715278506278991699e-01,-1.979995727539062500e+00,-1.042136907577514648e+00
6.054126024246215820e-01,-4.375270307064056396e-01,-2.912681736052036285e-02
-1.242523431777954102e+00,4.159628152847290039e-01,-8.782348036766052246e-01
-7.435819506645202637e-01,-1.513758778572082520e+00,1.616393774747848511e-01
-3.173104226589202881e-01,-1.868619561195373535e+00,-7.337109446525573730e-01
-2.283259481191635132e-01,7.398613095283508301e-01,-1.624377131462097168e+00
4.879832565784454346e-01,4.880095422267913818e-01,-2.904458642005920410e-01
-3.213118016719818115e-01,-4.079528450965881348e-01,2.788934111595153809e-01
-5.310952067375183105e-01,-9.219400882720947266e-01,8.320662975311279297e-01
2.730946242809295654e-01,9.474560618400573730e-01,-1.068024754524230957e+00
-1.649578809738159180e+00,4.800417125225067139e-01,-1.154066205024719238e+00
4.482848942279815674e-02,9.426338672637939453e-01,-1.192392349243164062e+00
1.329967975616455078e+00,3.346468508243560791e-01,-9.901608824729919434e-01
-1.572965234518051147e-01,-7.446044087409973145e-01,6.782363197999075055e-05
-8.708330988883972168e-01,-3.995876908302307129e-01,1.282138191163539886e-02
-8.384038805961608887e-01,-1.005106717348098755e-01,-6.173406839370727539e-01
5.705566406250000000e-01,-3.712716102600097656e-01,-1.131471276283264160e+00
7.809652686119079590e-01,6.572286486625671387e-01,5.915599688887596130e-02
-1.083043813705444336e+00,-1.428591132164001465e+00,5.112009644508361816e-01
-2.663435459136962891e+00,-1.004266813397407532e-01,5.300401449203491211e-01
-4.608320593833923340e-01,1.012776017189025879e+00,-6.847788095474243164e-01
-1.691433548927307129e+00,5.567619204521179199e-01,-1.501821875572204590e+00
1.744866132736206055e+00,-1.211634755134582520e+00,-1.989964395761489868e-01
9.657753705978393555e-01,1.451406478881835938e+00,-6.959295831620693207e-03
-1.652477025985717773e+00,6.918847560882568359e-01,1.243891954421997070e+00
1.382997870445251465e+00,-9.602317214012145996e-01,-1.467959761619567871e+00
-2.362822532653808594e+00,-5.632219910621643066e-01,1.412467360496520996e+00
2.168815881013870239e-01,-1.211984753608703613e+00,1.556582096964120865e-02
2.813985645771026611e-01,-2.168387174606323242e-01,-8.365886658430099487e-02
-1.151840567588806152e+00,4.813222885131835938e-01,-1.873203992843627930e+00
1.206696391105651855e+00,-1.013004779815673828e+00,1.777310371398925781e+00
-1.517254114151000977e+00,1.062576193362474442e-02,-9.211726188659667969e-01
-5.977876782417297363e-01,-8.653935790061950684e-01,5.380483269691467285e-01
-3.756691217422485352e-01,-2.002735376358032227e+00,6.064055562019348145e-01
-2.219541549682617188e+00,-1.934861242771148682e-01,7.756093144416809082e-01
4.917753338813781738e-01,-1.758667945861816406e+00,-1.534738898277282715e+00
2.883757650852203369e-01,1.076225042343139648e+00,-1.488319516181945801e+00
-1.313988268375396729e-01,7.694714516401290894e-02,1.225753545761108398e+00
4.491435587406158447e-01,2.707181870937347412e-02,3.447470366954803467e-01
1.675635218620300293e+00,-4.955909401178359985e-02,-7.010706663131713867e-01
9.867750406265258789e-01,-2.502811253070831299e-01,1.301984190940856934e+00
-1.229094028472900391e+00,-7.430280447006225586e-01,1.086937308311462402e+00
4.948016107082366943e-01,-2.453616410493850708e-01,7.834795117378234863e-01
-2.046122789382934570e+00,-1.318462967872619629e+00,6.438443064689636230e-01
-1.764945626258850098e+00,1.774168372154235840e+00,1.496539950370788574e+00
-1.163476824760437012e+00,1.136972665786743164e+00,1.044874787330627441e+00
-8.903638124465942383e-01,1.387891530990600586e+00,1.075786948204040527e+00
4.350140094757080078e-01,-7.557364702224731445e-01,-5.433520078659057617e-01
-3.064985871315002441e-01,-1.577553629875183105e+00,-7.650489807128906250e-01
1.110405087471008301e+00,5.083764195442199707e-01,1.570325493812561035e+00
5.935945510864257812e-01,-6.573853641748428345e-02,-7.674133032560348511e-02
-2.985269427299499512e-01,9.892747998237609863e-01,-1.478625893592834473e+00
-1.471227765083312988e+00,1.449517250061035156e+00,-4.166462719440460205e-01
-3.948296904563903809e-01,-2.961572110652923584e-01,8.783024549484252930e-01
5.679921507835388184e-01,7.912912368774414062e-01,-9.485911130905151367e-01
-1.977889180183410645e+00,4.126347601413726807e-01,-1.387335062026977539e-01
9.136363267898559570e-01,1.701788306236267090e+00,-4.974491000175476074e-01
-6.287140846252441406e-01,-5.848525092005729675e-02,4.367197453975677490e-01
-1.829461194574832916e-02,1.106762528419494629e+00,-1.082457304000854492e+00
-1.357384085655212402e+00,4.805409014225006104e-01,-3.016627132892608643e-01
-1.093474268913269043e+00,-2.636065185070037842e-01,1.605008959770202637e+00
2.131163835525512695e+00,-6.735481619834899902e-01,1.209634065628051758e+00
-7.934041619300842285e-01,7.036126852035522461e-01,1.585725545883178711e+00
8.059746623039245605e-01,-3.669278919696807861e-01,1.563708305358886719e+00
-4.396897554397583008e-01,-2.278118282556533813e-01,-1.368078351020812988e+00
-1.600771069526672363e+00,1.342292428016662598e+00,2.292540371417999268e-01
-1.270737886428833008e+00,2.355047613382339478e-01,1.433981776237487793e+00
5.590418577194213867e-01,1.207327365875244141e+00,-5.605604052543640137e-01
1.246509552001953125e+00,2.259968221187591553e-01,-2.477804124355316162e-01
6.145505905151367188e-01,1.876388311386108398e+00,-2.054908424615859985e-01
-1.002747774124145508e+00,-1.897081285715103149e-01,1.256220459938049316e+00
-9.490244388580322266e-01,-7.318421602249145508e-01,2.301671206951141357e-01
4.397695139050483704e-02,-1.256641030311584473e+00,1.123278021812438965e+00
-1.539869606494903564e-01,-3.952741622924804688e-01,6.755663156509399414e-01
-8.656234741210937500e-01,1.435341119766235352e+00,5.461782813072204590e-01
6.022480130195617676e-01,-1.306978985667228699e-02,5.654990077018737793e-01
-9.437133073806762695e-01,5.374118685722351074e-01,-5.267975926399230957e-01
-3.503340780735015869e-01,-1.471893906593322754e+00,4.481707513332366943e-01
-1.016435176134109497e-01,-5.327976942062377930e-01,-2.077908992767333984e+00
9.222033619880676270e-01,2.580364942550659180e+00,-1.991425603628158569e-01
-1.555933475494384766e+00,7.642404437065124512e-01,-8.832306861877441406e-01
-6.350756883621215820e-01,-3.422054648399353027e-01,-2.613324165344238281e+00
-1.365591168403625488e+00,-1.301646828651428223e+00,-5.974847078323364258e-01
-1.601791620254516602e+00,-9.726658463478088379e-01,-7.561267614364624023e-01
-3.404126465320587158e-01,4.742946326732635498e-01,7.968733310699462891e-01
6.812002062797546387e-01,2.257259488105773926e-01,-7.376979589462280273e-01
2.962724268436431885e-01,3.474827408790588379e-01,-7.557226419448852539e-01
-2.636236906051635742e+00,-1.234779477119445801e+00,4.742994010448455811e-01
2.226320505142211914e-01,2.063323020935058594e+00,-6.247926950454711914e-01
-1.979015588760375977e+00,-1.045896291732788086e+00,-1.169617772102355957e+00
-5.313929319381713867e-01,-1.348682194948196411e-01,-7.984709739685058594e-01
-1.196121498942375183e-01,-3.231322765350341797e-02,2.453436613082885742e+00
4.962204694747924805e-01,4.667411744594573975e-01,1.660452246665954590e+00
-1.766489624977111816e+00,1.213573336601257324e+00,-8.180611133575439453e-01
-1.379432439804077148e+00,4.694979637861251831e-02,-6.291387081146240234e-01
-5.844501033425331116e-02,1.379161715507507324e+00,-5.104433298110961914e-01
-2.399337291717529297e+00,9.578824639320373535e-01,1.010891050100326538e-01
5.773594975471496582e-01,1.197791397571563721e-01,-1.585858225822448730e+00
2.304454147815704346e-01,7.229437679052352905e-02,-2.818295061588287354e-01
-1.149270057678222656e+00,6.041830778121948242e-01,6.048727780580520630e-02
-3.643749058246612549e-01,1.733009368181228638e-01,1.441884636878967285e-01
-5.470620989799499512e-01,2.764853239059448242e-01,-7.534685730934143066e-02
8.540353178977966309e-01,-6.298437118530273438e-01,-5.870131850242614746e-01
-1.083805799484252930e+00,3.989198803901672363e-01,4.357332736253738403e-02
-7.609789967536926270e-01,-4.740505665540695190e-02,5.105286240577697754e-01
1.108448266983032227e+00,-2.211091518402099609e-01,-8.176123499870300293e-01
-4.132579565048217773e-01,-9.678276181221008301e-01,8.319993317127227783e-02
1.591624170541763306e-01,-3.704885393381118774e-02,-1.134497642517089844e+00
1.268432617187500000e+00,1.449349373579025269e-01,-4.853112399578094482e-01
-7.113184332847595215e-01,-9.390496015548706055e-01,3.822844624519348145e-01
-1.099676251411437988e+00,2.274778187274932861e-01,1.246829390525817871e+00
9.175679683685302734e-01,7.596985101699829102e-01,5.618206262588500977e-01
-1.207526206970214844e+00,1.115887403488159180e+00,2.423799932003021240e-01
1.402673721313476562e-01,-5.118121206760406494e-02,-2.075134992599487305e+00
-3.872946500778198242e-01,3.346708118915557861e-01,-1.742160022258758545e-01
7.059571743011474609e-01,-1.211621642112731934e+00,1.505550622940063477e+00
1.095804095268249512e+00,-1.404841303825378418e+00,7.367318868637084961e-01
7.683461308479309082e-01,6.082242131233215332e-01,1.395558953285217285e+00
6.741821765899658203e-01,1.762596666812896729e-01,-3.777008652687072754e-01
-1.917445063591003418e+00,-1.264046311378479004e+00,-7.965585589408874512e-02
-6.654484272003173828e-01,-4.465829133987426758e-01,-7.280384302139282227e-01
1.800422787666320801e+00,-3.062467873096466064e-01,-4.194104969501495361e-01
-6.475014686584472656e-01,-6.684660911560058594e-01,-2.338171005249023438e-01
-5.391262769699096680e-01,1.299119591712951660e+00,1.451488256454467773e+00
1.932567834854125977e+00,-1.450364351272583008e+00,7.745490074157714844e-01
-3.353073000907897949e-01,-2.833628952503204346e-01,-3.302353918552398682e-01
-3.714170157909393311e-01,-5.799514055252075195e-01,2.982455968856811523e+00
1.284234762191772461e+00,5.638618469238281250e-01,-1.049874782562255859e+00
-6.980340927839279175e-02,-1.952374726533889771e-01,-6.682919263839721680e-01
6.345152854919433594e-01,9.412976503372192383e-01,1.974242210388183594e+00
1.916991025209426880e-01,1.570870429277420044e-01,-3.046495318412780762e-01
-5.281074643135070801e-01,5.051526799798011780e-02,-1.738953113555908203e+00
-3.581650555133819580e-01,-1.331985592842102051e+00,2.047043889760971069e-01
-2.030731916427612305e+00,6.105179190635681152e-01,1.537340760231018066e+00
-2.054394185543060303e-01,1.514892578125000000e+00,-2.009443521499633789e+00
1.981143474578857422e+00,-1.119168162345886230e+00,1.960127614438533783e-03
1.142288669943809509e-01,8.603410124778747559e-01,-1.517726540565490723e+00
-1.185546755790710449e+00,2.862881422042846680e-01,9.995494484901428223e-01
9.737742543220520020e-01,-8.553174138069152832e-02,-2.616778373718261719e+00
-1.259714126586914062e+00,1.426908373832702637e-01,-8.139923214912414551e-01
-7.239489555358886719e-01,-2.473066151142120361e-01,1.180635452270507812e+00
3.159192502498626709e-01,1.386653542518615723e+00,-4.353995323181152344e-01
-6.141933202743530273e-01,-1.426016837358474731e-01,1.167009830474853516e+00
2.890219092369079590e-01,5.505712628364562988e-01,-1.082407116889953613e+00
6.356294155120849609e-01,-5.463491678237915039e-01,6.206884384155273438e-01
1.385823637247085571e-02,-6.294679045677185059e-01,-1.615520596504211426e+00
-6.768257915973663330e-02,6.066889166831970215e-01,3.674393296241760254e-01
4.037754260934889317e-04,-2.341106534004211426e-01,1.052305459976196289e+00
-1.513127684593200684e+00,-4.272635579109191895e-01,-1.209532618522644043e+00
-1.329733729362487793e+00,5.647753477096557617e-01,-1.229427099227905273e+00
6.551612019538879395e-01,-1.700777187943458557e-02,1.696716666221618652e+00
2.484214603900909424e-01,6.462504863739013672e-01,-2.048487186431884766e+00
5.161200761795043945e-01,9.290903061628341675e-02,-5.981795787811279297e-01
-1.365783452987670898e+00,-4.526451826095581055e-01,-4.431744515895843506e-01
1.266618371009826660e+00,-1.032822012901306152e+00,-7.513766884803771973e-01
-1.785836458206176758e+00,-8.713219314813613892e-02,8.062445521354675293e-01
7.178602814674377441e-01,-1.243757843971252441e+00,1.933449506759643555e-01
1.061521053314208984e+00,-1.295338273048400879e-01,-1.698475718498229980e+00
-5.525717139244079590e-01,1.558596193790435791e-01,-4.626665413379669189e-01
1.701395988464355469e+00,-1.821879744529724121e+00,-8.042660951614379883e-01
6.438742876052856445e-01,3.982208669185638428e-01,-4.269765019416809082e-01
3.217670917510986328e-01,-1.156776547431945801e+00,1.425026535987854004e+00
-9.598571658134460449e-01,-2.098070271313190460e-02,-7.228051424026489258e-01
4.488367438316345215e-01,-1.474818229675292969e+00,-2.308564037084579468e-01
-1.171355366706848145e+00,-1.478070735931396484e+00,5.532805323600769043e-01
-8.794155120849609375e-01,6.482588648796081543e-01,6.666221469640731812e-02
-2.747095562517642975e-02,-2.034884214401245117e+00,-9.222860932350158691e-01
-3.390993773937225342e-01,-3.793956041336059570e-01,2.458019256591796875e+00
-1.606650590896606445e+00,-9.605246782302856445e-01,-5.526499748229980469e-01
2.581079900264739990e-01,1.397130012512207031e+00,-5.561597347259521484e-01
1.032427549362182617e+00,5.423675104975700378e-02,2.433280497789382935e-01
-4.912709295749664307e-01,-1.731087684631347656e+00,-2.152993202209472656e+00
-1.984841108322143555e+00,1.175651788711547852e+00,7.085180282592773438e-01
1.541315555572509766e+00,-2.507038414478302002e-01,8.935673832893371582e-01
5.016593337059020996e-01,1.881964564323425293e+00,-1.727927803993225098e+00
-5.122888684272766113e-01,1.344598680734634399e-01,7.986351251602172852e-01
-1.038206815719604492e+00,2.017079830169677734e+00,-3.368364870548248291e-01
-1.055042028427124023e+00,3.294365704059600830e-01,-3.023264110088348389e-01
4.612528085708618164e-01,1.550974130630493164e+00,-9.545715451240539551e-01
-4.759087562561035156e-01,1.690551161766052246e+00,1.182136774063110352e+00
3.462867438793182373e-01,-6.019477918744087219e-02,1.315572738647460938e+00
-7.405992746353149414e-01,-3.848665356636047363e-01,1.394049644470214844e+00
7.514258027076721191e-01,-1.036375999450683594e+00,4.788885638117790222e-02
-9.596731513738632202e-02,6.374320387840270996e-01,-5.834178328514099121e-01
8.387302756309509277e-01,-1.108396768569946289e+00,-1.260898232460021973e+00
4.069615602493286133e-01,1.582227468490600586e+00,-6.331791877746582031e-01
-1.408817410469055176e+00,4.257760345935821533e-01,1.724201887845993042e-01
-7.333647608757019043e-01,8.163459897041320801e-01,4.444489181041717529e-01
8.579031825065612793e-01,-6.285574436187744141e-01,-6.250730752944946289e-01
1.067087531089782715e+00,1.221079081296920776e-01,1.059006527066230774e-01
-1.319015383720397949e+00,-6.807363033294677734e-01,5.723462104797363281e-01
2.185706794261932373e-02,1.377367019653320312e+00,-1.297731757164001465e+00
8.160638809204101562e-01,-1.775950551033020020e+00,-2.668369747698307037e-02
-1.421087384223937988e+00,-1.730552315711975098e-01,6.287830471992492676e-01
-9.460974335670471191e-01,1.489681839942932129e+00,-6.561144590377807617e-01
-7.022842168807983398e-01,1.499524572864174843e-03,-8.746829032897949219e-01
9.326663613319396973e-01,6.427953839302062988e-01,1.044811487197875977e+00
7.145861387252807617e-01,6.262488365173339844e-01,-2.021364927291870117e+00
-6.959854364395141602e-01,3.668219745159149170e-01,-7.886423915624618530e-02
-1.030063256621360779e-01,-2.139911800622940063e-01,1.747910976409912109e+00
-1.020842552185058594e+00,-4.742335081100463867e-01,1.539390206336975098e+00
1.741547584533691406e+00,-4.907612502574920654e-01,-1.531858682632446289e+00
-1.214613318443298340e+00,2.643949031829833984e+00,-1.711722970008850098e+00
5.991822481155395508e-01,3.698395490646362305e-01,-7.737883329391479492e-01
1.392584323883056641e+00,-4.651547074317932129e-01,5.235401988029479980e-01
4.209890663623809814e-01,4.983497560024261475e-01,-4.660719633102416992e-01
5.247914195060729980e-01,3.283746838569641113e-01,4.815356135368347168e-01
8.708818554878234863e-01,8.956579566001892090e-01,5.091455578804016113e-01
-1.760630607604980469e+00,-1.448199868202209473e+00,-4.464918673038482666e-01
-7.019489407539367676e-01,1.091109514236450195e+00,-1.168000847101211548e-01
4.897406399250030518e-01,8.887371420860290527e-01,-4.262446463108062744e-01
2.569775581359863281e-01,2.123218625783920288e-01,-2.165360748767852783e-01
-6.428059190511703491e-02,-1.774170398712158203e+00,-1.641430705785751343e-01
1.288800716400146484e+00,1.076589226722717285e+00,1.558657288551330566e+00
-8.183465003967285156e-01,-1.163255453109741211e+00,-2.252040386199951172e+00
1.172985434532165527e+00,-7.372117787599563599e-02,-1.524266719818115234e+00
4.957903921604156494e-01,1.439615249633789062e+00,-1.723768234252929688e+00
6.467892974615097046e-02,-3.670801222324371338e-02,4.463327527046203613e-01
3.171194344758987427e-02,-6.070610284805297852e-01,-9.924942255020141602e-01
-6.752275824546813965e-01,-4.689037203788757324e-01,4.487053155899047852e-01
-3.576505780220031738e-01,-5.521705746650695801e-01,-4.994535446166992188e-01
1.233666300773620605e+00,-5.991794914007186890e-02,6.010211706161499023e-01
-3.725958764553070068e-01,2.112452030181884766e+00,-1.355129599571228027e+00
1.076662421226501465e+00,-9.698914885520935059e-01,1.165171861648559570e-01
-1.532372474670410156e+00,6.860991567373275757e-02,1.118084788322448730e-01
-1.673489692620933056e-03,1.860617399215698242e+00,-1.595277309417724609e+00
8.410980552434921265e-02,4.191053509712219238e-01,-4.026816487312316895e-01
-1.935860395431518555e+00,-1.384860038757324219e+00,1.036835312843322754e+00
-6.731793880462646484e-01,-2.606905221939086914e+00,2.510734200477600098e-01
1.157914876937866211e+00,-1.370117902755737305e+00,-2.608096599578857422e+00
1.067469920963048935e-02,-1.125628590583801270e+00,-7.661829590797424316e-01
1.728512197732925415e-01,2.063670009374618530e-01,-6.789445877075195312e-01
8.472703695297241211e-01,8.111885786056518555e-01,-2.778947651386260986e-01
3.497592210769653320e-01,1.279501795768737793e+00,-3.060494959354400635e-01
5.392878055572509766e-01,6.001703739166259766e-01,-1.161370754241943359e+00
2.290881633758544922e+00,-4.235205948352813721e-01,-1.144405484199523926e+00
8.445961475372314453e-01,1.792784571647644043e+00,1.055985093116760254e+00
2.889523208141326904e-01,7.018842697143554688e-01,-1.254095911979675293e+00
-1.147683858871459961e+00,-7.442387938499450684e-02,1.495909452438354492e+00
-6.855463385581970215e-01,4.874215722084045410e-01,3.068531453609466553e-01
-1.011959195137023926e+00,-4.887719750404357910e-01,-1.135387420654296875e+00
1.692515969276428223e+00,-2.205996751785278320e+00,-6.382790207862854004e-02
2.824151813983917236e-01,2.493214756250381470e-01,7.903868556022644043e-01
1.652405500411987305e+00,-3.728239797055721283e-03,3.692660331726074219e-01
5.256326198577880859e-01,1.126638770103454590e+00,-2.368831932544708252e-01
2.327516973018646240e-01,-8.467714488506317139e-02,-1.280715465545654297e-01
2.485027164220809937e-01,-5.289061665534973145e-01,6.361880302429199219e-01
-1.071302313357591629e-02,5.205678343772888184e-01,6.081008538603782654e-02
2.330474853515625000e-01,-1.418920874595642090e+00,-1.761929631233215332e+00
-4.430793225765228271e-01,1.243872523307800293e+00,-2.701259851455688477e-01
-5.668443441390991211e-01,1.359443962574005127e-01,-7.712467312812805176e-01
-4.931923747062683105e-01,5.348441377282142639e-02,-9.192168116569519043e-01
1.291112750768661499e-01,-7.159714102745056152e-01,6.562044024467468262e-01
3.424673378467559814e-01,8.420242071151733398e-01,8.237164616584777832e-01
-1.094412922859191895e+00,6.907142400741577148e-01,1.251647949218750000e+00
1.008066058158874512e+00,-1.467031538486480713e-01,-6.579499244689941406e-01
-3.363364934921264648e-01,-1.516426324844360352e+00,-1.607572674751281738e+00
-2.895673811435699463e-01,-1.219800561666488647e-01,1.534306287765502930e+00
5.995264053344726562e-01,-1.289945006370544434e+00,-1.417365312576293945e+00
5.256250500679016113e-01,3.644411265850067139e-01,8.102495074272155762e-01
-6.955854296684265137e-01,9.072431325912475586e-01,-1.595138430595397949e+00
1.718324542045593262e+00,-8.668782711029052734e-01,-9.406574368476867676e-01
1.804399132728576660e+00,-1.452601552009582520e-01,5.393204092979431152e-01
1.887984037399291992e+00,-6.415472626686096191e-01,-2.417231351137161255e-01
-5.993900895118713379e-01,-1.131291389465332031e+00,3.813994228839874268e-01
1.166635826230049133e-01,2.566135883331298828e+00,1.341552138328552246e-01
-1.167689859867095947e-01,2.480592876672744751e-01,-2.037991434335708618e-01
3.707062900066375732e-01,4.496848210692405701e-02,5.295372009277343750e-01
-9.312587231397628784e-02,4.528933465480804443e-01,-4.163779318332672119e-01
4.035092145204544067e-02,-2.030055969953536987e-01,9.370718002319335938e-01
-1.288882136344909668e+00,1.158005595207214355e-01,-4.290309250354766846e-01
8.618999719619750977e-01,-4.086752235889434814e-01,-1.150927782058715820e+00
-7.102636694908142090e-01,1.476408839225769043e-01,1.349230885505676270e+00
3.953292965888977051e-01,-3.409720063209533691e-01,-6.238923668861389160e-01
1.012523889541625977e+00,1.481739282608032227e-01,-3.136116862297058105e-01
-5.316907167434692383e-01,3.867434561252593994e-01,-7.247826457023620605e-01
4.369903802871704102e-01,-1.337831974029541016e+00,-9.900555014610290527e-01
-3.447234630584716797e-01,-9.849101305007934570e-01,9.119998812675476074e-01
1.404275447130203247e-01,-4.280342459678649902e-01,-1.847106218338012695e+00
-7.513111233711242676e-01,2.016343832015991211e+00,-6.545295119285583496e-01
-5.260487198829650879e-01,-5.833728909492492676e-01,-2.677519321441650391e-01
-1.523534893989562988e+00,-4.038017988204956055e-01,2.571196556091308594e-01
9.869282245635986328e-01,-4.277561306953430176e-01,-1.059214115142822266e+00
-6.560717523097991943e-02,-1.494107693433761597e-01,-2.182174205780029297e+00
8.958986997604370117e-01,1.589579433202743530e-01,2.363262176513671875e+00
-8.626512289047241211e-01,3.527967333793640137e-01,1.022700548171997070e+00
8.449468612670898438e-01,5.473628640174865723e-01,-3.810818493366241455e-01
1.446503877639770508e+00,-1.187160611152648926e-01,-7.427398562431335449e-01
3.065150082111358643e-01,6.669728159904479980e-01,-2.166939228773117065e-01
-8.213160634040832520e-01,5.548278093338012695e-01,8.629375696182250977e-01
4.750023782253265381e-01,-1.173940539360046387e+00,-5.136379599571228027e-01
4.636191427707672119e-01,-4.286819994449615479e-01,6.570414900779724121e-01
-2.432166576385498047e+00,-1.260923027992248535e+00,1.538267254829406738e+00
-1.252415418624877930e+00,7.854473777115345001e-03,5.655594468116760254e-01
9.731923788785934448e-02,4.680315852165222168e-01,-1.295302271842956543e+00
8.107814788818359375e-01,1.580222368240356445e+00,7.397382259368896484e-01
1.422635436058044434e+00,-4.207547008991241455e-01,6.899721026420593262e-01
-1.399651885032653809e+00,-6.773816347122192383e-01,1.268296360969543457e+00
1.457326531410217285e+00,-1.440488994121551514e-01,-1.945397704839706421e-01
-8.771333694458007812e-01,1.222090363502502441e+00,-5.927097797393798828e-01
-7.833484411239624023e-01,6.389337778091430664e-02,-2.892779827117919922e+00
1.707678556442260742e+00,4.238692224025726318e-01,-1.056524038314819336e+00
-4.423686861991882324e-01,9.241263270378112793e-01,1.886920809745788574e+00
3.222037805244326591e-03,1.447830200195312500e+00,-1.755117297172546387e+00
-1.236510992050170898e+00,3.168434500694274902e-01,4.175211191177368164e-01
-1.387231469154357910e+00,-8.012079596519470215e-01,-2.213691711425781250e+00
-1.266908168792724609e+00,6.740151643753051758e-01,-9.570125937461853027e-01
3.061610162258148193e-01,-2.653460502624511719e-01,1.610260725021362305e+00
-3.052138686180114746e-01,-1.250173449516296387e+00,9.950698614120483398e-01
-5.151051878929138184e-01,3.048011064529418945e-01,2.007655382156372070e+00
3.608177602291107178e-02,5.271247029304504395e-01,-2.152862250804901123e-01
-5.319310426712036133e-01,-8.213279843330383301e-01,-1.117739081382751465e-01
1.345599163323640823e-02,-1.664595842361450195e+00,-6.085708364844322205e-02
7.165044546127319336e-01,7.313365340232849121e-01,-6.968870162963867188e-01
-7.992507517337799072e-02,-1.582958936691284180e+00,-7.019572854042053223e-01
-1.770945489406585693e-01,5.099493861198425293e-01,-5.867720842361450195e-01
-1.075397014617919922e+00,1.053621396422386169e-01,7.511103749275207520e-01
-1.183974266052246094e+00,-9.984266757965087891e-02,-7.245562076568603516e-01
1.047147393226623535e+00,1.349326670169830322e-01,3.742998465895652771e-02
5.727435350418090820e-01,1.559386253356933594e+00,1.944911003112792969e+00
9.181346893310546875e-01,2.384878098964691162e-01,1.979528963565826416e-01
1.143949389457702637e+00,-1.695010900497436523e+00,-1.472479581832885742e+00
1.039147377014160156e+00,-9.611586928367614746e-01,4.327165186405181885e-01
1.284067749977111816e+00,-1.094398617744445801e+00,5.607684850692749023e-01
5.158265829086303711e-01,-2.029803395271301270e-02,4.320095479488372803e-01
-6.003393530845642090e-01,4.005745947360992432e-01,9.725375175476074219e-01
-1.893140912055969238e+00,-2.331755638122558594e+00,3.165236413478851318e-01
-2.021218538284301758e+00,8.094256520271301270e-01,-5.121082663536071777e-01
4.377384185791015625e-01,-6.062820553779602051e-01,-4.129368066787719727e-01
-1.496399492025375366e-01,8.826408982276916504e-01,2.962079524993896484e+00
1.641615509986877441e+00,-5.578930377960205078e-01,1.187523901462554932e-01
3.401734679937362671e-02,-1.348563671112060547e+00,2.216424465179443359e+00
2.991570830345153809e-01,2.058440923690795898e+00,-7.460922002792358398e-01
5.298581719398498535e-01,6.337253451347351074e-01,-8.163549900054931641e-01
-4.423556625843048096e-01,4.454863443970680237e-02,-1.098412275314331055e+00
2.352619886398315430e+00,4.305412173271179199e-01,-8.751666545867919922e-01
2.167598158121109009e-01,1.024448275566101074e+00,-1.863588839769363403e-01
-8.453540802001953125e-01,1.238766789436340332e+00,-2.588170468807220459e-01
-2.752171456813812256e-01,-2.121261358261108398e+00,-6.781225204467773438e-01
5.042513608932495117e-01,-8.269403576850891113e-01,3.143301606178283691e-01
-2.054363861680030823e-02,-2.673619389533996582e-01,1.072342276573181152e+00
4.536768049001693726e-02,-6.364679336547851562e-01,-2.274672091007232666e-01
-2.153880596160888672e+00,-4.134420156478881836e-01,-1.126295030117034912e-01
1.229107975959777832e-01,-9.727929234504699707e-01,8.843236565589904785e-01
3.055691421031951904e-01,-1.636569380760192871e+00,-1.756604313850402832e+00
-4.591727256774902344e-01,6.817641258239746094e-01,-5.813481807708740234e-01
1.020239710807800293e+00,1.683808684349060059e+00,4.130297005176544189e-01
-4.149151742458343506e-01,4.005159735679626465e-01,2.084698528051376343e-01
-1.270796060562133789e+00,8.100025653839111328e-01,-1.152087450027465820e+00
3.225354850292205811e-01,-1.431675076484680176e+00,-3.628110587596893311e-01
6.957128643989562988e-01,-2.167164534330368042e-01,-4.653668105602264404e-01
-6.287550926208496094e-01,2.045780658721923828e+00,7.343704700469970703e-01
3.505918979644775391e-01,7.699452638626098633e-01,7.748103737831115723e-01
-1.658485293388366699e+00,-9.240026473999023438e-01,2.443727731704711914e+00
-1.499856829643249512e+00,-1.852239295840263367e-02,2.060028791427612305e+00
-7.289865016937255859e-01,6.484836935997009277e-01,2.716404438018798828e+00
-1.514736264944076538e-01,8.718467354774475098e-01,-8.743728995323181152e-01
1.661687195301055908e-01,1.597512811422348022e-01,-2.142215967178344727e-01
-9.588239192962646484e-01,-1.557980537414550781e+00,3.612629175186157227e-01
1.119317293167114258e+00,-7.668207287788391113e-01,1.455809354782104492e+00
-8.374204635620117188e-01,5.279195308685302734e-01,5.375488400459289551e-01
-2.291245311498641968e-01,-2.706109583377838135e-01,1.013989567756652832e+00
-3.666165173053741455e-01,4.884688258171081543e-01,-3.832986354827880859e-01
-3.705139756202697754e-01,1.897421956062316895e+00,-3.661044239997863770e-01
-7.781462073326110840e-01,-1.936913579702377319e-01,-7.327849864959716797e-01
8.850912451744079590e-01,5.738402009010314941e-01,1.239580512046813965e+00
-2.170868366956710815e-01,-7.187188267707824707e-01,-9.899453520774841309e-01
-4.670828878879547119e-01,5.546337962150573730e-01,-1.931889653205871582e-01
1.086123824119567871e+00,3.558836281299591064e-01,-1.222526550292968750e+00
-4.910020530223846436e-01,8.402903676033020020e-01,1.219025135040283203e+00
5.755318403244018555e-01,-5.648304224014282227e-01,6.872909665107727051e-01
-5.120974779129028320e-01,-5.017650127410888672e-01,1.724365711212158203e+00
-9.265518188476562500e-01,-5.396664142608642578e-01,3.897633254528045654e-01
-1.324721693992614746e+00,-5.658728480339050293e-01,-1.782441854476928711e+00
4.712680876255035400e-01,-4.186658263206481934e-01,-7.391548156738281250e-01
6.699869632720947266e-01,-2.477666378021240234e+00,-1.360766410827636719e+00
2.120255470275878906e+00,4.977087080478668213e-01,1.046387672424316406e+00
8.550809621810913086e-01,1.475106477737426758e+00,1.147229075431823730e+00
1.033442974090576172e+00,-6.419349312782287598e-01,1.452846407890319824e+00
4.368343055248260498e-01,-3.044013082981109619e-01,1.565113902091979980e+00
-1.067099720239639282e-01,-1.779745936393737793e+00,-7.596974819898605347e-02
1.079635858535766602e+00,2.515957653522491455e-01,1.462663650512695312e+00
6.327086091041564941e-01,1.112477555871009827e-01,1.825979351997375488e+00
-1.463793039321899414e+00,8.309711813926696777e-01,-1.074734628200531006e-01
8.067694306373596191e-01,-9.185152053833007812e-01,1.091555118560791016e+00
3.602457940578460693e-01,1.536917313933372498e-02,1.717069864273071289e+00
-5.263754725456237793e-01,2.147206962108612061e-01,1.806635022163391113e+00
-1.751338243484497070e-01,-3.257278725504875183e-02,7.284335494041442871e-01
1.094242691993713379e+00,2.763720452785491943e-01,2.300838708877563477e+00
7.916989922523498535e-01,1.805098891258239746e+00,2.501691877841949463e-01
-1.080029368400573730e+00,2.952777445316314697e-01,6.792103052139282227e-01
-7.630894780158996582e-01,2.507148981094360352e+00,-3.331022858619689941e-01
-2.532206177711486816e-01,-1.234226822853088379e+00,6.510739028453826904e-02
6.560115814208984375e-01,-1.197747588157653809e+00,-1.556017547845840454e-01
7.117661237716674805e-01,1.946851372718811035e+00,1.886672899127006531e-02
1.828140854835510254e+00,1.924478113651275635e-01,-1.152002096176147461e+00
3.970943689346313477e-01,1.409890890121459961e+00,4.617929160594940186e-01
7.707285881042480469e-01,-7.684378623962402344e-01,6.955578923225402832e-01
-2.250427007675170898e-01,3.483311533927917480e-01,8.026520013809204102e-01
-3.229161202907562256e-01,-4.220052659511566162e-01,-6.677557229995727539e-01
-1.653130412101745605e+00,-6.290225982666015625e-01,9.823627769947052002e-02
-1.406332701444625854e-01,5.121010472066700459e-04,-5.163094401359558105e-01
-8.881567418575286865e-02,-1.255076050758361816e+00,-3.272294998168945312e-01
-3.804031908512115479e-01,7.545287013053894043e-01,1.112301588058471680e+00
-4.149143397808074951e-01,-1.298935532569885254e+00,1.205497086048126221e-01
6.565015316009521484e-01,1.220892548561096191e+00,2.033300399780273438e+00
6.285191774368286133e-01,1.515101671218872070e+00,-2.190953493118286133e+00
1.314653158187866211e+00,1.700516939163208008e+00,8.478105068206787109e-01
6.009939908981323242e-01,7.893749475479125977e-01,-1.091457128524780273e+00
-8.477815985679626465e-01,1.628977775573730469e+00,9.641191959381103516e-01
-1.124637842178344727e+00,-1.043862581253051758e+00,8.279097676277160645e-01
-3.586542308330535889e-01,1.223234534263610840e+00,4.253656864166259766e-01
-5.777064561843872070e-01,-5.024307370185852051e-01,7.914460897445678711e-01
-1.026206016540527344e+00,-1.793020606040954590e+00,4.332203269004821777e-01
1.350970149040222168e+00,9.318727254867553711e-01,-1.038423180580139160e+00
6.705735325813293457e-01,1.682997465133666992e+00,7.237904667854309082e-01
4.711492061614990234e-01,-7.849771380424499512e-01,-1.020797133445739746e+00
-2.785249352455139160e-01,-8.534112572669982910e-01,3.517280817031860352e-01
2.802091240882873535e-01,-1.810959100723266602e+00,5.788488984107971191e-01
-4.120281934738159180e-01,-3.729788362979888916e-01,-1.360618233680725098e+00
-1.547984004020690918e+00,1.860533468425273895e-02,7.417739182710647583e-02
-1.458880662918090820e+00,-5.650287866592407227e-01,-1.091425418853759766e+00
-7.628925442695617676e-01,-2.401521682739257812e+00,1.338424801826477051e+00
-1.127253890037536621e+00,1.046675205230712891e+00,2.748015224933624268e-01
-6.025997176766395569e-02,-6.646964550018310547e-01,-1.683691740036010742e+00
5.992890596389770508e-01,7.755192518234252930e-01,-1.017839074134826660e+00
-9.253358840942382812e-02,-2.659443378448486328e+00,-1.102519750595092773e+00
1.640607953071594238e+00,-6.341863274574279785e-01,-2.278672307729721069e-01
-8.066396117210388184e-01,-4.997507333755493164e-01,8.992918729782104492e-01
-6.737609505653381348e-01,8.608632683753967285e-01,-1.670224070549011230e+00
8.211560845375061035e-01,5.623896718025207520e-01,6.711751222610473633e-01
-4.355863854289054871e-02,-1.088077545166015625e+00,-2.135574817657470703e+00
1.368842422962188721e-01,-1.013242721557617188e+00,4.204859025776386261e-03
-5.111273527145385742e-01,-1.065072298049926758e+00,-4.117022454738616943e-01
1.478619337081909180e+00,-1.773412704467773438e+00,1.483631014823913574e+00
3.763146996498107910e-01,-1.458921551704406738e+00,-6.028863787651062012e-01
-6.826356649398803711e-01,-4.323990046977996826e-01,-7.984857261180877686e-02
-3.560535609722137451e-02,-7.050465345382690430e-01,1.704126000404357910e+00
-4.225292801856994629e-01,3.547972142696380615e-01,1.681315183639526367e+00
-1.285410642623901367e+00,4.783754646778106689e-01,3.002661168575286865e-01
6.877264380455017090e-01,-1.445507854223251343e-01,1.363354325294494629e+00
6.338741183280944824e-01,-1.240384340286254883e+00,3.829375505447387695e-01
1.201489090919494629e+00,2.819842696189880371e-01,-9.339711666107177734e-01
-1.880751132965087891e+00,-1.409815251827239990e-01,7.616719007492065430e-01
-1.046890854835510254e+00,1.525859832763671875e+00,8.284585475921630859e-01
2.146719545125961304e-01,-1.230175867676734924e-01,-3.077953457832336426e-01
1.648576617240905762e+00,-1.158032178878784180e+00,-5.774971842765808105e-01
1.674759268760681152e+00,2.380462288856506348e-01,2.468673698604106903e-02
5.566001310944557190e-02,1.137221693992614746e+00,1.059838891029357910e+00
2.514451980590820312e+00,-1.501907825469970703e+00,8.608807921409606934e-01
-6.168950796127319336e-01,4.724200367927551270e-01,1.118415951728820801e+00
6.250769644975662231e-02,-3.793652653694152832e-01,1.022124141454696655e-01
-9.475150704383850098e-01,7.507480978965759277e-01,-6.030023097991943359e-01
-4.109407663345336914e-01,7.288771271705627441e-01,-8.070347905158996582e-01
-2.836723253130912781e-02,-5.927570462226867676e-01,2.500113844871520996e-01
-2.373433113098144531e-01,-9.146010279655456543e-01,3.854640424251556396e-01
-2.197850942611694336e+00,1.207667469978332520e+00,4.409064650535583496e-01
-6.700395345687866211e-01,1.687440872192382812e+00,-1.810062676668167114e-01
1.875284314155578613e+00,-3.840768635272979736e-01,-5.198679566383361816e-01
-1.456583380699157715e+00,-1.333698749542236328e+00,1.189398579299449921e-03
-9.694306254386901855e-01,-8.813633918762207031e-01,3.387326002120971680e-01
1.388651967048645020e+00,-2.667195796966552734e-01,2.385467141866683960e-01
4.464393556118011475e-01,1.033444046974182129e+00,4.380874633789062500e-01
9.606241434812545776e-02,2.782503962516784668e-01,9.547256827354431152e-01
9.233642369508743286e-02,-1.204486470669507980e-03,1.618771791458129883e+00
-1.871087253093719482e-01,-4.850167930126190186e-01,9.335410594940185547e-01
-5.783814191818237305e-01,1.891703128814697266e+00,-6.282779574394226074e-01
-5.414938330650329590e-01,-6.914687156677246094e-01,-1.125954747200012207e+00
-8.305571079254150391e-01,1.893686175346374512e+00,-1.226247072219848633e+00
1.352097243070602417e-01,3.934993594884872437e-02,1.471416831016540527e+00
9.795618057250976562e-01,3.026432394981384277e-01,-3.062844276428222656e-01
1.025263071060180664e+00,9.579968452453613281e-01,-6.662141084671020508e-01
-2.105597406625747681e-01,-8.653612434864044189e-02,1.292248249053955078e+00
-4.085901379585266113e-01,-2.071819782257080078e+00,-2.838910818099975586e-01
6.910825520753860474e-02,3.999467194080352783e-01,-3.597601950168609619e-01
-2.783784866333007812e-01,-1.114456772804260254e+00,-4.157481789588928223e-01
-7.813649177551269531e-01,1.788850903511047363e+00,-3.145140111446380615e-01
-7.979575395584106445e-01,5.407571792602539062e-01,8.388505578041076660e-01
-4.823213219642639160e-01,4.002553820610046387e-01,-2.388760261237621307e-02
5.778432488441467285e-01,7.757403254508972168e-01,-9.198397994041442871e-01
5.206235051155090332e-01,1.009841442108154297e+00,-4.957409203052520752e-01
-5.761117339134216309e-01,-4.363001883029937744e-01,1.617843955755233765e-01
1.112420916557312012e+00,1.163473129272460938e+00,-1.264633536338806152e+00
7.366195321083068848e-01,-5.025039315223693848e-01,-7.309547811746597290e-02
8.145202398300170898e-01,-1.781215667724609375e-01,4.628277122974395752e-01
-2.767367660999298096e-01,7.262592911720275879e-01,1.377422094345092773e+00
-2.712449058890342712e-02,-1.050713777542114258e+00,-2.318700790405273438e+00
-5.485798120498657227e-01,-7.861331105232238770e-01,9.011796116828918457e-01
1.243332862854003906e+00,-9.544429779052734375e-01,2.997691333293914795e-01
1.684179782867431641e+00,1.412112951278686523e+00,-1.197449207305908203e+00
1.069556593894958496e+00,-2.072123587131500244e-01,-2.839691877365112305e+00
1.909413486719131470e-01,1.089905723929405212e-01,1.857125461101531982e-01
9.807539731264114380e-02,1.064079761505126953e+00,1.298955976963043213e-01
-1.813449859619140625e+00,-1.194653749465942383e+00,-7.037762999534606934e-01
-3.911585211753845215e-01,-1.618263363838195801e+00,-7.872574329376220703e-01
-6.233820915222167969e-01,1.234719753265380859e-01,2.860365211963653564e-01
2.218313515186309814e-02,4.140268862247467041e-01,1.601631164550781250e+00
4.236451983451843262e-01,-1.154845133423805237e-01,4.839531183242797852e-01
8.621819615364074707e-01,1.126568675041198730e+00,1.404366493225097656e+00
-7.994549274444580078e-01,7.215102910995483398e-01,5.441911220550537109e-01
-7.136031985282897949e-02,-2.217019557952880859e+00,7.848114520311355591e-02
-7.381622195243835449e-01,-1.364189147949218750e+00,-8.665419220924377441e-01
-5.718784332275390625e-01,-7.981685400009155273e-01,3.215820491313934326e-01
-1.616896867752075195e+00,1.377691268920898438e+00,-8.208891153335571289e-01
2.297436475753784180e+00,-1.556832075119018555e+00,1.456308007240295410e+00
-1.334446966648101807e-01,1.250247716903686523e+00,1.048990488052368164e+00
8.201167583465576172e-01,-1.920878291130065918e+00,5.792473554611206055e-01
2.061369180679321289e+00,-1.598078131675720215e+00,9.992303699254989624e-02
-2.695692181587219238e-01,1.360056877136230469e+00,-1.999243050813674927e-01
-2.113777160644531250e+00,5.861077308654785156e-01,-3.271411955356597900e-01
9.620385169982910156e-01,4.803821444511413574e-01,4.648002982139587402e-01
-4.329566955566406250e-01,5.630346536636352539e-01,2.764168083667755127e-01
1.058811426162719727e+00,-4.141125679016113281e-01,4.231658577919006348e-01
-1.850792527198791504e+00,7.895231246948242188e-01,7.105539441108703613e-01
8.840632438659667969e-01,-6.489006280899047852e-01,1.049246907234191895e+00
-1.614614129066467285e+00,-2.519010603427886963e-01,-1.192482784390449524e-01
1.413876175880432129e+00,-1.010376691818237305e+00,-8.444167375564575195e-01
3.819808363914489746e-01,2.609806954860687256e-01,-4.088884219527244568e-02
-2.531167864799499512e-01,-4.572309851646423340e-01,4.432371258735656738e-01
9.551678299903869629e-01,-1.198225378990173340e+00,5.600426793098449707e-01
-7.546987533569335938e-01,-8.321707248687744141e-01,1.341726303100585938e+00
-1.498387336730957031e+00,-4.372158944606781006e-01,-1.293949484825134277e+00
4.703325331211090088e-01,1.605069160461425781e+00,-1.238242149353027344e+00
6.248472332954406738e-01,3.598624467849731445e-01,-1.115816593170166016e+00
4.059605896472930908e-01,-1.759333729743957520e+00,-3.860818445682525635e-01
7.300754189491271973e-01,-2.886933684349060059e-01,-8.235749602317810059e-01
1.401770710945129395e+00,-1.182778239250183105e+00,1.527840495109558105e-01
-8.779745697975158691e-01,-1.812440156936645508e+00,7.205199450254440308e-02
2.497220993041992188e+00,-1.232924610376358032e-01,-3.918905556201934814e-01
1.122935771942138672e+00,-1.174859881401062012e+00,1.105976462364196777e+00
-1.318024277687072754e+00,-5.198366641998291016e-01,-3.118151903152465820e+00
-3.515738844871520996e-01,-4.725072383880615234e-01,-3.597902357578277588e-01
1.544918417930603027e+00,-6.458525061607360840e-01,7.273165583610534668e-01
-1.092584133148193359e+00,-5.169190764427185059e-01,-2.738092243671417236e-01
-4.034992754459381104e-01,-3.812521100044250488e-01,6.099503040313720703e-01
